label,precision,recall,f1,support
Cardiovascular,0.9730941704035875,0.8543307086614174,0.909853249475891,254
Neurological,0.8867403314917127,0.8991596638655462,0.8929068150208623,357
Hepatorenal,0.9723756906077348,0.8073394495412844,0.8822055137844611,218
Oncological,0.9509803921568627,0.8083333333333333,0.8738738738738738,120
