{
  "f1_weighted_val": 0.8925775818748173,
  "model": "logreg",
  "thresholds": [
    0.45000000000000007,
    0.55,
    0.5,
    0.5
  ]
}